,CIERRE,
2010.004,32758.5,
2010.008,32732.8,
2010.012,32830.2,
2010.016,33064.6,
2010.02,32892,
2010.024,32935.4,
2010.028,32792.7,
2010.032,32836.1,
2010.036,32729.6,
2010.04,32262.3,
2010.044,32482.7,
2010.048,32473.1,
2010.052,32025.3,
2010.056,31205.3,
2010.06,30830.9,
2010.064,30465.1,
2010.068,30651.6,
2010.072,30610.8,
2010.076,30811.3,
2010.08,30391.6,
2010.084,30876.7,
2010.088,31287,
2010.092,30603.7,
2010.096,30630.7,
2010.1,30649.4,
2010.104,30818.5,
2010.108,30746.1,
2010.112,30845.6,
2010.116,31005.7,
2010.12,31038.3,
2010.124,31644.8,
2010.128,31892.1,
2010.132,32170.8,
2010.136,32172.1,
2010.14,32034.3,
2010.144,31850.2,
2010.148,31788.5,
2010.152,31649.1,
2010.156,31634.5,
2010.16,31765.1,
2010.164,32055,
2010.168,32353.5,
2010.172,32202,
2010.176,32436.5,
2010.18,32520.3,
2010.184,32514.2,
2010.188,32505.8,
2010.192,32602.9,
2010.196,32578.1,
2010.2,32723.9,
2010.204,32798.3,
2010.208,32969.8,
2010.212,33022.8,
2010.216,33142,
2010.22,33361.3,
2010.224,33161,
2010.228,33164.3,
2010.232,33147.8,
2010.236,33416.1,
2010.24,33399.5,
2010.244,33266.4,
2010.248,33648.9,
2010.252,33801.2,
2010.256,33632.4,
2010.26,33567.4,
2010.264,33840.9,
2010.268,33852.4,
2010.272,33819,
2010.276,34113.9,
2010.28,34134.2,
2010.284,33621.4,
2010.288,33439.8,
2010.292,33813.2,
2010.296,33517.2,
2010.3,33658.4,
2010.304,33853.7,
2010.308,33771.6,
2010.312,32679.4,
2010.316,32952.9,
2010.32,32861,
2010.324,32687.3,
2010.328,32832.4,
2010.332,32120.7,
2010.336,31995.3,
2010.34,31399,
2010.344,31488.8,
2010.348,32276.9,
2010.352,32119.1,
2010.356,32379.6,
2010.36,32342.4,
2010.364,31812.7,
2010.368,31580.6,
2010.372,31136.3,
2010.376,30992.8,
2010.38,30368.1,
2010.384,30629.2,
2010.388,30759.5,
2010.392,30634.2,
2010.396,31328.5,
2010.4,32056.2,
2010.404,31547.6,
2010.408,32038.5,
2010.412,31245.8,
2010.416,31411.9,
2010.42,31331.9,
2010.424,30992.7,
2010.428,30739,
2010.432,31059.8,
2010.436,31209.3,
2010.44,31910.2,
2010.444,32124.3,
2010.448,32238.4,
2010.452,32685.4,
2010.456,32805.6,
2010.46,32775.3,
2010.464,32814.6,
2010.468,32882,
2010.472,32470.7,
2010.476,32663.3,
2010.48,32312.8,
2010.484,32607.1,
2010.488,32568.2,
2010.492,31473.2,
2010.496,31157,
2010.5,31197,
2010.504,31379.7,
2010.508,31391.4,
2010.512,31533.6,
2010.516,32035.2,
2010.52,31960.6,
2010.524,32004.3,
2010.528,31870.6,
2010.532,32185.2,
2010.536,32305.7,
2010.54,32381.1,
2010.544,31783.4,
2010.548,31845.9,
2010.552,32024.3,
2010.556,32109,
2010.56,32720.8,
2010.564,32806,
2010.568,32958.9,
2010.572,32695.3,
2010.576,32665.6,
2010.58,32463.7,
2010.584,32308.7,
2010.588,32816.5,
2010.592,32768.1,
2010.596,32900.5,
2010.6,32907.2,
2010.604,32917.9,
2010.608,32837.6,
2010.612,32685.5,
2010.616,32058.6,
2010.62,32041.1,
2010.624,32099.8,
2010.628,32119.9,
2010.632,32286.1,
2010.636,32408.3,
2010.64,32153.6,
2010.644,32291.7,
2010.648,32142.7,
2010.652,31364.9,
2010.656,31453.7,
2010.66,31218,
2010.664,31755.3,
2010.668,31382.7,
2010.672,31679.8,
2010.676,32339.2,
2010.68,32417.3,
2010.684,32592.9,
2010.688,32746.7,
2010.692,32448.4,
2010.696,32409.6,
2010.7,32519,
2010.704,32626.9,
2010.708,32921.6,
2010.712,33058,
2010.716,33046.7,
2010.72,33273.5,
2010.724,33296.7,
2010.728,33207.2,
2010.732,33091.1,
2010.736,33280.8,
2010.74,33122.4,
2010.744,33258.5,
2010.748,33186.8,
2010.752,33330.3,
2010.756,33807.5,
2010.76,34040.2,
2010.764,34257.4,
2010.768,34370.6,
2010.772,34257.8,
2010.776,34464.8,
2010.78,34465.4,
2010.784,34437.4,
2010.788,34798.6,
2010.792,34836.5,
2010.796,34741.5,
2010.8,34919.3,
2010.804,34452.2,
2010.808,34880.5,
2010.812,34965.3,
2010.816,35120.9,
2010.82,35262.9,
2010.824,35373.4,
2010.828,35262.9,
2010.832,35376.7,
2010.836,35568.2,
2010.84,35722.7,
2010.844,35843.8,
2010.848,36198.6,
2010.852,36317.5,
2010.856,36543.4,
2010.86,36198,
2010.864,36417.5,
2010.868,36304.5,
2010.872,36057.4,
2010.876,35648.2,
2010.88,35842.5,
2010.884,36322.1,
2010.888,36601.4,
2010.892,36710.5,
2010.896,36271.8,
2010.9,37079.3,
2010.904,36969.2,
2010.908,36904.5,
2010.912,36890.6,
2010.916,36817.3,
2010.92,37277.6,
2010.924,37399.5,
2010.928,37385.9,
2010.932,37737.1,
2010.936,37880.1,
2010.94,37617.8,
2010.944,37567.4,
2010.948,37677.8,
2010.952,37894.3,
2010.956,37901,
2010.96,37676.6,
2010.964,37832.9,
2010.968,37997.3,
2010.972,37975.5,
2010.976,38230.9,
2010.98,38172.9,
2010.984,38131.5,
2010.988,38081.1,
2010.992,38132.9,
2010.996,38147.5,
2011,38230.2,
2011.004,38243.1,
2011.008,38550.8,
2011.012,38605.8,
2011.016,38542.2,
2011.02,38696.2,
2011.024,38589.7,
2011.028,38600.9,
2011.032,38378.2,
2011.036,38028.8,
2011.04,37963.3,
2011.044,38070.2,
2011.048,37994.7,
2011.052,38096.9,
2011.056,38151.3,
2011.06,37810.2,
2011.064,37584.7,
2011.068,37321.1,
2011.072,37667.9,
2011.076,37470.8,
2011.08,37585.4,
2011.084,37447.7,
2011.088,36839.7,
2011.092,36982.2,
2011.096,37618.1,
2011.1,37948.8,
2011.104,37739.1,
2011.108,37451.8,
2011.112,37565.6,
2011.116,36986.9,
2011.12,36652.1,
2011.124,37011.5,
2011.128,36998.9,
2011.132,36951.3,
2011.136,37074.9,
2011.14,37226.4,
2011.144,37522.3,
2011.148,37242.1,
2011.152,36781.6,
2011.156,36464.1,
2011.16,36446.6,
2011.164,36880.2,
2011.168,37019.7,
2011.172,36768.1,
2011.176,36863.5,
2011.18,37133,
2011.184,36900.8,
2011.188,36603.3,
2011.192,36688.1,
2011.196,36450.2,
2011.2,35891.4,
2011.204,36091.2,
2011.208,36205.8,
2011.212,36012.2,
2011.216,35655.3,
2011.22,35621.7,
2011.224,35418.5,
2011.228,35925.4,
2011.232,36546.6,
2011.236,36872.4,
2011.24,36784.3,
2011.244,36767.9,
2011.248,36795.9,
2011.252,37210.3,
2011.256,37440.5,
2011.26,37775.1,
2011.264,37903.6,
2011.268,37833,
2011.272,37861.8,
2011.276,37471.5,
2011.28,37471.7,
2011.284,37590.7,
2011.288,37321.8,
2011.292,37347.7,
2011.296,37070,
2011.3,36988.4,
2011.304,36332.1,
2011.308,36440.2,
2011.312,36816.3,
2011.316,36860.7,
2011.32,36892.2,
2011.324,36826.9,
2011.328,36722.6,
2011.332,36962.6,
2011.336,36592.6,
2011.34,35873.2,
2011.344,35531.2,
2011.348,35325.1,
2011.352,35212.2,
2011.356,35467,
2011.36,35678.9,
2011.364,35380.5,
2011.368,35161.3,
2011.372,35045.1,
2011.376,35130.6,
2011.38,34819.6,
2011.384,35364.3,
2011.388,35276.5,
2011.392,35298.7,
2011.396,35215,
2011.4,35382.6,
2011.404,35498.4,
2011.408,35742.2,
2011.412,35819.2,
2011.416,35639.4,
2011.42,35832.8,
2011.424,35410.5,
2011.428,35416.3,
2011.432,35123.9,
2011.436,34673.5,
2011.44,34895.8,
2011.444,34879.1,
2011.448,35233.4,
2011.452,34963.8,
2011.456,34998,
2011.46,35445.6,
2011.464,35318.4,
2011.468,35221,
2011.472,35025.7,
2011.476,35110,
2011.48,35276.6,
2011.484,35399.4,
2011.488,35326.7,
2011.492,35347.9,
2011.496,35601.7,
2011.5,36188.9,
2011.504,36579.6,
2011.508,36558.1,
2011.512,36800.7,
2011.516,36847.1,
2011.52,36640.9,
2011.524,36468,
2011.528,36583.3,
2011.532,36499.9,
2011.536,36359.5,
2011.54,36178.6,
2011.544,36254.7,
2011.548,36164.6,
2011.552,36155.9,
2011.556,35781.4,
2011.56,35752,
2011.564,35341.7,
2011.568,35555.8,
2011.572,35755.5,
2011.576,35479.7,
2011.58,35341.3,
2011.584,35597.6,
2011.588,35917.8,
2011.592,35999.3,
2011.596,35730.7,
2011.6,34814.9,
2011.604,34484.4,
2011.608,33322.6,
2011.612,33697.9,
2011.616,31740.1,
2011.62,32381.6,
2011.624,32219.3,
2011.628,33590.3,
2011.632,33361.5,
2011.636,33901.1,
2011.64,33948.5,
2011.644,34049.6,
2011.648,33246.6,
2011.652,33136.9,
2011.656,33593.6,
2011.66,34675.5,
2011.664,34644.9,
2011.668,33904.4,
2011.672,34042.2,
2011.676,35016,
2011.68,35148.9,
2011.684,35721.1,
2011.688,35637.9,
2011.692,35134.4,
2011.696,33880,
2011.7,34439.3,
2011.704,35179.6,
2011.708,34712.4,
2011.712,33812.6,
2011.716,33792.6,
2011.72,33947.6,
2011.724,34661.8,
2011.728,35181.4,
2011.732,35077,
2011.736,34338,
2011.74,34019.2,
2011.744,32381.1,
2011.748,32588.4,
2011.752,33385.9,
2011.756,33783.7,
2011.76,33438.2,
2011.764,33686.2,
2011.768,33503.3,
2011.772,33133.9,
2011.776,32966.2,
2011.78,33000.3,
2011.784,33279.7,
2011.788,33005.1,
2011.792,33547.2,
2011.796,33681.8,
2011.8,34470.4,
2011.804,34584.8,
2011.808,34848.4,
2011.812,34125.7,
2011.816,35011.7,
2011.82,34523.3,
2011.824,34395.5,
2011.828,35020.7,
2011.832,35265.6,
2011.836,35290.1,
2011.84,35818.6,
2011.844,36727.2,
2011.848,36708.6,
2011.852,36160,
2011.856,35742.6,
2011.86,36579.1,
2011.864,36689.4,
2011.868,37024.6,
2011.872,37351.8,
2011.876,36553.9,
2011.88,36615.1,
2011.884,37555.6,
2011.888,37069.9,
2011.892,37293.4,
2011.896,36708.4,
2011.9,36110.7,
2011.904,36284.2,
2011.908,35969.6,
2011.912,35375.6,
2011.916,35323.6,
2011.92,34573,
2011.924,35558.2,
2011.928,35708.7,
2011.932,36829.1,
2011.936,36567.6,
2011.94,36756.1,
2011.944,37103.2,
2011.948,37071.2,
2011.952,37054.6,
2011.956,36641.3,
2011.96,37227.2,
2011.964,36471.4,
2011.968,36012.7,
2011.972,36006.9,
2011.976,36054.6,
2011.98,35587.8,
2011.984,36239.4,
2011.988,36628.1,
2011.992,37066.8,
2011.996,37041.4,
2012,37091.4,
2012.004,36644.9,
2012.008,37185.7,
2012.012,37077.5,
2012.016,37335,
2012.02,37384.3,
2012.024,37387.6,
2012.028,37017.9,
2012.032,36804.1,
2012.036,36785.3,
2012.04,37190.9,
2012.044,37307.6,
2012.048,37321,
2012.052,36548.6,
2012.056,36916.2,
2012.06,36601.2,
2012.064,37506.8,
2012.068,37680.1,
2012.072,37384.2,
2012.076,37195.7,
2012.08,36853.3,
2012.084,37212.9,
2012.088,37240.8,
2012.092,37184.7,
2012.096,37241.6,
2012.1,37422.7,
2012.104,37709.6,
2012.108,37711.2,
2012.112,38092.8,
2012.116,38062.4,
2012.12,38140.6,
2012.124,38242.3,
2012.128,38149.2,
2012.132,38204.3,
2012.136,37831.9,
2012.14,37864.6,
2012.144,38212.2,
2012.148,37914.7,
2012.152,38296.7,
2012.156,37859.5,
2012.16,37912.6,
2012.164,38027.8,
2012.168,37945.2,
2012.172,37785.7,
2012.176,38021.4,
2012.18,37816.7,
2012.184,38033.4,
2012.188,38327.4,
2012.192,38155.3,
2012.196,37487.6,
2012.2,37548.5,
2012.204,37815.4,
2012.208,37691,
2012.212,37590.2,
2012.216,38019.8,
2012.22,37971.4,
2012.224,38134.6,
2012.228,38258.4,
2012.232,38055.3,
2012.236,38434.5,
2012.24,38323.5,
2012.244,38334.9,
2012.248,38863.1,
2012.252,38956.3,
2012.256,38910.7,
2012.26,39125.4,
2012.264,39521.2,
2012.268,39908.5,
2012.272,39924.9,
2012.276,39398.9,
2012.28,39432.1,
2012.284,39035.2,
2012.288,39167.1,
2012.292,39357.8,
2012.296,38444,
2012.3,39054.8,
2012.304,39355.2,
2012.308,39330.1,
2012.312,39395.6,
2012.316,39354.9,
2012.32,38961.8,
2012.324,38849.1,
2012.328,39066,
2012.332,39212.2,
2012.336,39324.1,
2012.34,39461,
2012.344,39597.4,
2012.348,39580.1,
2012.352,39408.6,
2012.356,40045.5,
2012.36,39214.6,
2012.364,39122.8,
2012.368,39170.9,
2012.372,38888.8,
2012.376,38352.1,
2012.38,37939.6,
2012.384,37511.1,
2012.388,37261.2,
2012.392,36875.3,
2012.396,37512.4,
2012.4,37481.2,
2012.404,37422.4,
2012.408,37553.2,
2012.412,37486.3,
2012.416,37642.8,
2012.42,38126.9,
2012.424,38070.7,
2012.428,37872.9,
2012.432,37182.4,
2012.436,37059.8,
2012.44,37089.4,
2012.444,37274.8,
2012.448,37247.3,
2012.452,37323.9,
2012.456,37035.8,
2012.46,37271,
2012.464,37142.1,
2012.468,37440.5,
2012.472,37738.6,
2012.476,38060.8,
2012.48,38688.6,
2012.484,38973.6,
2012.488,38515.9,
2012.492,39071.5,
2012.496,39157.5,
2012.5,39339.1,
2012.504,39490.7,
2012.508,39637.7,
2012.512,40199.6,
2012.516,40108.9,
2012.52,40434.7,
2012.524,40353.4,
2012.528,40040.7,
2012.532,39831.6,
2012.536,39963.3,
2012.54,40049.6,
2012.544,40221.8,
2012.548,40268.4,
2012.552,40498.5,
2012.556,40910.8,
2012.56,41273,
2012.564,40747.5,
2012.568,40752.5,
2012.572,40808.7,
2012.576,40947.6,
2012.58,40697.9,
2012.584,40435.1,
2012.588,40977.3,
2012.592,41476.5,
2012.596,41333.1,
2012.6,40704.3,
2012.604,40805.4,
2012.608,40759,
2012.612,40998.4,
2012.616,41096.4,
2012.62,41070.2,
2012.624,40851.2,
2012.628,40677.5,
2012.632,40850,
2012.636,40366.3,
2012.64,40645,
2012.644,40792.6,
2012.648,40714.9,
2012.652,40547.5,
2012.656,40350,
2012.66,40096.6,
2012.664,40027.1,
2012.668,39879,
2012.672,40211.4,
2012.676,39972.9,
2012.68,39950.9,
2012.684,39908.9,
2012.688,39925.7,
2012.692,39421.6,
2012.696,39802.9,
2012.7,39549.4,
2012.704,39573.9,
2012.708,39987.1,
2012.712,40043.9,
2012.716,39991.2,
2012.72,39999,
2012.724,40248.4,
2012.728,40655.6,
2012.732,40693.5,
2012.736,40621.5,
2012.74,40591,
2012.744,40941.3,
2012.748,40500.4,
2012.752,40338.7,
2012.756,40561.2,
2012.76,40215.4,
2012.764,40333,
2012.768,40729.7,
2012.772,40799.2,
2012.776,41124.6,
2012.78,41199.3,
2012.784,41004.8,
2012.788,41421.7,
2012.792,41934.1,
2012.796,41757,
2012.8,41755.2,
2012.804,41470.1,
2012.808,41745.4,
2012.812,41665.5,
2012.816,42008.6,
2012.82,42518.4,
2012.824,42560,
2012.828,42592.8,
2012.832,42386.8,
2012.836,42122.3,
2012.84,42041.1,
2012.844,42095.2,
2012.848,41877.3,
2012.852,41836.9,
2012.856,41817.1,
2012.86,41599,
2012.864,41620,
2012.868,41761.8,
2012.872,41722.1,
2012.876,41720.6,
2012.88,41011,
2012.884,40830.6,
2012.888,40677.1,
2012.892,40859.9,
2012.896,41078.5,
2012.9,40750.4,
2012.904,40573.7,
2012.908,40830.6,
2012.912,41184,
2012.916,41668.1,
2012.92,42032.4,
2012.924,41919.6,
2012.928,41878.3,
2012.932,41769.4,
2012.936,41912.9,
2012.94,42090.7,
2012.944,41833.5,
2012.948,42323.8,
2012.952,42337.8,
2012.956,42416.3,
2012.96,42589.7,
2012.964,42797.7,
2012.968,43134.5,
2012.972,43183.3,
2012.976,43006.3,
2012.98,43050.9,
2012.984,43338.3,
2012.988,43826,
2012.992,43648,
2012.996,43637.7,
2013,43621.6,
2013.004,43533.4,
2013.008,43495.7,
2013.012,43469.9,
2013.016,43721.9,
2013.02,43705.8,
2013.024,44304.2,
2013.028,44370.6,
2013.032,44562.3,
2013.036,44625.9,
2013.04,44571.2,
2013.044,44862.5,
2013.048,44859.8,
2013.052,44888.1,
2013.056,44862.9,
2013.06,44748.1,
2013.064,44865.3,
2013.068,44943.3,
2013.072,45212.5,
2013.076,45223.9,
2013.08,45320.3,
2013.084,45443,
2013.088,45428.7,
2013.092,45575.9,
2013.096,45912.5,
2013.1,45908,
2013.104,45753.2,
2013.108,45278.1,
2013.112,45768.5,
2013.116,45768.5,
2013.12,45688.1,
2013.124,45570.7,
2013.128,45019.2,
2013.132,45089.4,
2013.136,45063.9,
2013.14,44873.4,
2013.144,44096.3,
2013.148,43878.3,
2013.152,44153,
2013.156,44141.9,
2013.16,44639.8,
2013.164,44299.6,
2013.168,44136.6,
2013.172,43875.7,
2013.176,43497.2,
2013.18,43489.2,
2013.184,43772.9,
2013.188,44121,
2013.192,43995.7,
2013.196,43871.3,
2013.2,44017.1,
2013.204,44159.6,
2013.208,43968.6,
2013.212,44322.5,
2013.216,44013.3,
2013.22,43965.4,
2013.224,43278.1,
2013.228,43348.5,
2013.232,42605.1,
2013.236,42060.6,
2013.24,42498,
2013.244,42531.1,
2013.248,42686.7,
2013.252,42900.8,
2013.256,43664.7,
2013.26,44077.1,
2013.264,43932.5,
2013.268,44113.5,
2013.272,43717.6,
2013.276,43566.7,
2013.28,43244.3,
2013.284,43431,
2013.288,43973.2,
2013.292,44380.8,
2013.296,44408.4,
2013.3,44004.3,
2013.304,42984.4,
2013.308,43223.7,
2013.312,42610.9,
2013.316,42460.2,
2013.32,42808.2,
2013.324,42914.2,
2013.328,43113.6,
2013.332,42294.9,
2013.336,42547.5,
2013.34,41897,
2013.344,41910.5,
2013.348,42263.5,
2013.352,42090,
2013.356,42602.1,
2013.36,42198,
2013.364,42406.7,
2013.368,42102.1,
2013.372,41682.6,
2013.376,41741.5,
2013.38,41766.9,
2013.384,41925.1,
2013.388,41905.2,
2013.392,41761.1,
2013.396,41806.7,
2013.4,41080.4,
2013.404,40548.4,
2013.408,40119,
2013.412,40505.3,
2013.416,40521.3,
2013.42,40144.6,
2013.424,40764,
2013.428,40639,
2013.432,40984.5,
2013.436,41588.3,
2013.44,41094.8,
2013.444,40750.4,
2013.448,40226.3,
2013.452,40579.1,
2013.456,40232.7,
2013.46,40721.4,
2013.464,39890.2,
2013.468,39480.4,
2013.472,39481.5,
2013.476,39269.3,
2013.48,39549.5,
2013.484,39460,
2013.488,39044.9,
2013.492,37517.2,
2013.496,38036.5,
2013.5,37517.4,
2013.504,37901.8,
2013.508,38805.3,
2013.512,39650.8,
2013.516,40623.3,
2013.52,41176.8,
2013.524,40832.5,
2013.528,40828.9,
2013.532,41200.4,
2013.536,40623.1,
2013.54,40071.6,
2013.544,40221,
2013.548,39999,
2013.552,40479.8,
2013.556,40329.8,
2013.56,40322.3,
2013.564,39659.5,
2013.568,40240.2,
2013.572,40245.3,
2013.576,39891.7,
2013.58,40117.7,
2013.584,40790.2,
2013.588,40839,
2013.592,40752.1,
2013.596,41064.6,
2013.6,40341.9,
2013.604,40236.6,
2013.608,40837.9,
2013.612,41863.8,
2013.616,42051.6,
2013.62,41918.4,
2013.624,41914.8,
2013.628,42246.5,
2013.632,42712.1,
2013.636,42648.7,
2013.64,42124.8,
2013.644,42366.4,
2013.648,42430.1,
2013.652,42155.3,
2013.656,42049.7,
2013.66,41484.3,
2013.664,41825.4,
2013.668,41458.2,
2013.672,41007.4,
2013.676,40925.1,
2013.68,40419.9,
2013.684,39656,
2013.688,39248.1,
2013.692,39162.5,
2013.696,39492.4,
2013.7,40129,
2013.704,39541.5,
2013.708,39773.5,
2013.712,39686.4,
2013.716,39915.1,
2013.72,40953.9,
2013.724,41733,
2013.728,41640.5,
2013.732,40785.7,
2013.736,41122.5,
2013.74,41137.7,
2013.744,41902.2,
2013.748,41752.3,
2013.752,41226,
2013.756,41314.7,
2013.76,41209.9,
2013.764,41724,
2013.768,41327.6,
2013.772,40903.6,
2013.776,40185.2,
2013.78,41335.3,
2013.784,41300.7,
2013.788,40841.1,
2013.792,40909.5,
2013.796,40451.2,
2013.8,39916.8,
2013.804,39866.2,
2013.808,40489.9,
2013.812,40975.4,
2013.816,40882.1,
2013.82,40218.3,
2013.824,40355.3,
2013.828,40199.5,
2013.832,40412.7,
2013.836,40345.8,
2013.84,40813.5,
2013.844,40552.6,
2013.848,40246.7,
2013.852,40671.6,
2013.856,41125,
2013.86,41284.4,
2013.864,41050.1,
2013.868,41038.6,
2013.872,41079.6,
2013.876,41013.7,
2013.88,40304.4,
2013.884,40280.1,
2013.888,40009.9,
2013.892,39864.2,
2013.896,39686.8,
2013.9,39594.6,
2013.904,39765.9,
2013.908,40306.7,
2013.912,41034.1,
2013.916,40643.3,
2013.92,40795.6,
2013.924,40998.4,
2013.928,41199,
2013.932,40948.4,
2013.936,41002.7,
2013.94,41872.6,
2013.944,42160.4,
2013.948,42499.1,
2013.952,42138.6,
2013.956,41876.9,
2013.96,42003.6,
2013.964,41910.1,
2013.968,41925.5,
2013.972,42289.2,
2013.976,42490.1,
2013.98,42304.6,
2013.984,41884.8,
2013.988,42054,
2013.992,41758.6,
2013.996,42079.9,
2014,42198.3,
2014.004,42183.8,
2014.008,42508,
2014.012,42585.7,
2014.016,42540.3,
2014.02,42753.2,
2014.024,42958.8,
2014.028,42727.1,
2014.032,42188.4,
2014.036,42065,
2014.04,41525.9,
2014.044,41778.6,
2014.048,41515.5,
2014.052,41585.5,
2014.056,42458.5,
2014.06,42158.6,
2014.064,42439.8,
2014.068,42511.3,
2014.072,42172.7,
2014.076,41911.3,
2014.08,41976.4,
2014.084,41838.6,
2014.088,42062.8,
2014.092,41531.8,
2014.096,40979.8,
2014.1,40863.4,
2014.104,40660.9,
2014.108,40689.9,
2014.112,41008.3,
2014.116,40879.8,
2014.12,40085.5,
2014.124,39880.9,
2014.128,40288.8,
2014.132,40525.7,
2014.136,40116.4,
2014.14,40759.6,
2014.144,40690.1,
2014.148,40309,
2014.152,40710.9,
2014.156,40735.5,
2014.16,40421.9,
2014.164,40006.4,
2014.168,39654.2,
2014.172,39724.6,
2014.176,39792.7,
2014.18,39023.6,
2014.184,38605.6,
2014.188,38912.9,
2014.192,38782.9,
2014.196,38534.8,
2014.2,39084.4,
2014.204,39021.1,
2014.208,39176.3,
2014.212,38913,
2014.216,38671,
2014.22,38689.6,
2014.224,38634.8,
2014.228,38037.5,
2014.232,37951,
2014.236,38814.7,
2014.24,38811.9,
2014.244,39616.2,
2014.248,40021.7,
2014.252,39821.7,
2014.256,39793,
2014.26,39761.3,
2014.264,39911,
2014.268,40048.2,
2014.272,40461.6,
2014.276,40470,
2014.28,40900.5,
2014.284,40563.1,
2014.288,40598.3,
2014.292,40595.7,
2014.296,40906.8,
2014.3,40937.8,
2014.304,40448,
2014.308,40380.8,
2014.312,40530.7,
2014.316,40481.8,
2014.32,40890.5,
2014.324,40654.1,
2014.328,40468.2,
2014.332,40297,
2014.336,40407.9,
2014.34,40198.4,
2014.344,40136.6,
2014.348,40702.7,
2014.352,40711.6,
2014.356,40967.9,
2014.36,41047.9,
2014.364,41470.8,
2014.368,41803.1,
2014.372,41659.9,
2014.376,41641.1,
2014.38,42086.2,
2014.384,42236.8,
2014.388,42144.5,
2014.392,41561.8,
2014.396,41898.8,
2014.4,41840.1,
2014.404,41805.1,
2014.408,41829,
2014.412,41944,
2014.416,41917.9,
2014.42,42004.6,
2014.424,41959,
2014.428,41960.4,
2014.432,42009.9,
2014.436,41362.5,
2014.44,41936.7,
2014.444,42126.1,
2014.448,41953.3,
2014.452,42173,
2014.456,42778.3,
2014.46,43010,
2014.464,43045.3,
2014.468,42944.8,
2014.472,42617.6,
2014.476,42485.7,
2014.48,42596.3,
2014.484,42612.6,
2014.488,42802.6,
2014.492,42957.4,
2014.496,42865.7,
2014.5,42916.7,
2014.504,42884.8,
2014.508,42854.2,
2014.512,42613.8,
2014.516,42493.9,
2014.52,42737.2,
2014.524,42872.8,
2014.528,43279.5,
2014.532,43660.7,
2014.536,43518.1,
2014.54,43452.6,
2014.544,43403.4,
2014.548,43686.8,
2014.552,43474.3,
2014.556,43481.8,
2014.56,43967.4,
2014.564,43960.4,
2014.568,44009.2,
2014.572,43920.8,
2014.576,44278.9,
2014.58,44125.7,
2014.584,44257.1,
2014.588,44199,
2014.592,44420.4,
2014.596,44386.6,
2014.6,44545,
2014.604,44481.3,
2014.608,44311.1,
2014.612,43817.7,
2014.616,43986.1,
2014.62,44594.7,
2014.624,44481.7,
2014.628,44425.8,
2014.632,44116.1,
2014.636,44105.9,
2014.64,44679.2,
2014.644,44734,
2014.648,44724,
2014.652,44793,
2014.656,44629.3,
2014.66,44854.8,
2014.664,44962.9,
2014.668,45248.1,
2014.672,45410.4,
2014.676,45375,
2014.68,45504.3,
2014.684,45464.8,
2014.688,45601,
2014.692,45501.3,
2014.696,45628.1,
2014.7,45438,
2014.704,45825.1,
2014.708,46049.3,
2014.712,46313.4,
2014.716,46231.4,
2014.72,46357.2,
2014.724,45915.2,
2014.728,45894.1,
2014.732,45672.6,
2014.736,45799.7,
2014.74,45861.8,
2014.744,46043.6,
2014.748,46168.6,
2014.752,45761.9,
2014.756,45302,
2014.76,45015.2,
2014.764,45116.9,
2014.768,44781.1,
2014.772,44884.3,
2014.776,44898.2,
2014.78,44985.7,
2014.784,44365,
2014.788,44254.4,
2014.792,44678.1,
2014.796,44820.9,
2014.8,44536.6,
2014.804,44488,
2014.808,44082.2,
2014.812,43435.7,
2014.816,43088.7,
2014.82,43179.9,
2014.824,42984.9,
2014.828,42907.6,
2014.832,43273.5,
2014.836,43213.9,
2014.84,43630.6,
2014.844,43450.8,
2014.848,43691.1,
2014.852,43665.5,
2014.856,43810.5,
2014.86,44039.6,
2014.864,44238.9,
2014.868,44599.3,
2014.872,45027.5,
2014.876,45184.8,
2014.88,44884.4,
2014.884,45072,
2014.888,44849.9,
2014.892,44614.7,
2014.896,44523,
2014.9,44300.8,
2014.904,43744.6,
2014.908,43743.8,
2014.912,43372,
2014.916,43491.4,
2014.92,44118.1,
2014.924,44209.4,
2014.928,44633.3,
2014.932,44621.1,
2014.936,44441,
2014.94,44672.2,
2014.944,44689.2,
2014.948,44190.5,
2014.952,43392.1,
2014.956,43008.1,
2014.96,43112.3,
2014.964,42816.1,
2014.968,43230.3,
2014.972,42941.8,
2014.976,42339.6,
2014.98,41372.7,
2014.984,41714.6,
2014.988,40334.6,
2014.992,40225.1,
2014.996,41004.4,
2015,42475.7,
2015.004,42529.9,
2015.008,43187.6,
2015.012,43018.8,
2015.016,43145.7,
2015.02,42115.5,
2015.024,41099.4,
2015.028,41329.4,
2015.032,41813.9,
2015.036,42402.3,
2015.04,42382.4,
2015.044,41780.8,
2015.048,41478.3,
2015.052,40984.2,
2015.056,40998.8,
2015.06,41402,
2015.064,41285.6,
2015.068,41752.7,
2015.072,42488.7,
2015.076,43121.3,
2015.08,42649.7,
2015.084,42737.9,
2015.088,42627.8,
2015.092,42158.1,
2015.096,41862.3,
2015.1,40950.6,
2015.104,40950.6,
2015.108,41572.2,
2015.112,41710.8,
2015.116,42453.6,
2015.12,42715.4,
2015.124,42810.3,
2015.128,42635.2,
2015.132,41933.3,
2015.136,43045.5,
2015.14,43072.4,
2015.144,42959.6,
2015.148,43251.8,
2015.152,43053.6,
2015.156,43231.4,
2015.16,43551.3,
2015.164,43675.9,
2015.168,43921.6,
2015.172,43802.1,
2015.176,44416.5,
2015.18,44190.2,
2015.184,43882.7,
2015.188,43600.4,
2015.192,43296.6,
2015.196,43517.8,
2015.2,43280.8,
2015.204,43251.4,
2015.208,42972.1,
2015.212,43227.2,
2015.216,44055.9,
2015.22,44002.3,
2015.224,44002.3,
2015.228,43761.4,
2015.232,44360.9,
2015.236,44118.2,
2015.24,43968.1,
2015.244,43952.7,
2015.248,44051.2,
2015.252,43631,
2015.256,43229.2,
2015.26,43638,
2015.264,43922.8,
2015.268,43724.8,
2015.272,44202.9,
2015.276,44202.9,
2015.28,44850.1,
2015.284,44987.9,
2015.288,44980.6,
2015.292,44913.3,
2015.296,44882,
2015.3,44994.6,
2015.304,45004.5,
2015.308,45262.9,
2015.312,45480.2,
2015.316,45012.4,
2015.32,45077.8,
2015.324,45296.9,
2015.328,45232,
2015.332,45418.8,
2015.336,45773.3,
2015.34,45512.4,
2015.344,45338.4,
2015.348,44942.2,
2015.352,44582.4,
2015.356,44582.4,
2015.36,45238.5,
2015.364,45091.3,
2015.368,44853.3,
2015.372,44768.8,
2015.376,45125.9,
2015.38,45180,
2015.384,44950.5,
2015.388,45038.1,
2015.392,45271.5,
2015.396,45332.8,
2015.4,45408.3,
2015.404,45311.8,
2015.408,45283.5,
2015.412,45097.4,
2015.416,44874,
2015.42,44852.3,
2015.424,44401.4,
2015.428,44682.6,
2015.432,44807.3,
2015.436,44703.6,
2015.44,44760.1,
2015.444,44931.5,
2015.448,44732.7,
2015.452,44561.1,
2015.456,44561.9,
2015.46,44544.1,
2015.464,44519.2,
2015.468,44578.3,
2015.472,44624.7,
2015.476,44692.5,
2015.48,44395.8,
2015.484,44722.3,
2015.488,44792,
2015.492,45120.8,
2015.496,44973.4,
2015.5,45225,
2015.504,45454.1,
2015.508,45424.9,
2015.512,45377.1,
2015.516,45566.3,
2015.52,44710.4,
2015.524,45053.7,
2015.528,44928.5,
2015.532,45175.6,
2015.536,45065.5,
2015.54,44794,
2015.544,45017.8,
2015.548,44497.7,
2015.552,44564.3,
2015.556,44916,
2015.56,44990.4,
2015.564,45136.7,
2015.568,45107.1,
2015.572,45344.9,
2015.576,45325.4,
2015.58,45568,
2015.584,45401.2,
2015.588,44670.4,
2015.592,44836.3,
2015.596,44249.5,
2015.6,43713.7,
2015.604,44223,
2015.608,44471.3,
2015.612,44373.3,
2015.616,44752.9,
2015.62,44903.9,
2015.624,45178,
2015.628,44937.6,
2015.632,44921.2,
2015.636,44862.1,
2015.64,45320.7,
2015.644,44379.8,
2015.648,44032.4,
2015.652,43870.5,
2015.656,43746.7,
2015.66,43953.5,
2015.664,43872.1,
2015.668,43473.7,
2015.672,43036.6,
2015.676,42163.8,
2015.68,41471.5,
2015.684,42010.9,
2015.688,42323,
2015.692,43452.4,
2015.696,43290.9,
2015.7,43722,
2015.704,42911.5,
2015.708,42969.9,
2015.712,43283.5,
2015.716,42742.9,
2015.72,42756.3,
2015.724,43083.9,
2015.728,42754.7,
2015.732,42888.5,
2015.736,42780.7,
2015.74,42827.4,
2015.744,43269.6,
2015.748,43790.9,
2015.752,43565.1,
2015.756,43618.1,
2015.76,43232.1,
2015.764,43042.4,
2015.768,42596.6,
2015.772,42435.2,
2015.776,41893.5,
2015.78,42121.5,
2015.784,42632.5,
2015.788,42695.7,
2015.792,42735.1,
2015.796,43566.3,
2015.8,43561.4,
2015.804,43832,
2015.808,44076.9,
2015.812,44375.6,
2015.816,44314.3,
2015.82,44318.2,
2015.824,44064.4,
2015.828,44087.6,
2015.832,44364.2,
2015.836,44523,
2015.84,44653.9,
2015.844,44426.1,
2015.848,44628,
2015.852,45010.2,
2015.856,45036.5,
2015.86,44698,
2015.864,44741.7,
2015.868,44634.8,
2015.872,44542.8,
2015.876,45354.6,
2015.88,45373.2,
2015.884,45195.6,
2015.888,45243.9,
2015.892,44479.2,
2015.896,44359.9,
2015.9,44347.9,
2015.904,44120.5,
2015.908,43617.7,
2015.912,44184.6,
2015.916,44505.6,
2015.92,44620.6,
2015.924,44895,
2015.928,44779.1,
2015.932,44576.2,
2015.936,44138.8,
2015.94,44374.5,
2015.944,44248,
2015.948,43418.6,
2015.952,43984.9,
2015.956,43417.1,
2015.96,43027.3,
2015.964,42994.2,
2015.968,42655.2,
2015.972,42236.7,
2015.976,42398.1,
2015.98,42447.8,
2015.984,42000.6,
2015.988,41902,
2015.992,42905.2,
2015.996,43429.7,
2016,43503.5,
2016.004,42936.6,
2016.008,43160.6,
2016.012,43328.7,
2016.016,43579.7,
2016.02,43528.3,
2016.024,43396.2,
2016.028,43391.8,
2016.032,43012.4,
2016.036,42977.5,
2016.04,42113.7,
2016.044,42041.7,
2016.048,41691.2,
2016.052,40661.6,
2016.056,40265.4,
2016.06,40706.9,
2016.064,41022.7,
2016.068,41008.8,
2016.072,41352.8,
2016.076,40847.7,
2016.08,40604.8,
2016.084,40809.3,
2016.088,40844.4,
2016.092,41166.9,
2016.096,41621.3,
2016.1,41476.4,
2016.104,41932.4,
2016.108,42109.9,
2016.112,42393,
2016.116,43630.8,
2016.12,43092.5,
2016.124,43257.5,
2016.128,43751.9,
2016.132,43229.7,
2016.136,42774.9,
2016.14,42399.2,
2016.144,42535.7,
2016.148,42359.3,
2016.152,42416.4,
2016.156,43205.9,
2016.16,43100.3,
2016.164,43585.2,
2016.168,43516.7,
2016.172,43375.3,
2016.176,43546.7,
2016.18,43216.6,
2016.184,42744.9,
2016.188,43434.6,
2016.192,43473.4,
2016.196,43714.9,
2016.2,44214.5,
2016.204,44615.8,
2016.208,44742.2,
2016.212,44849,
2016.216,44967.2,
2016.22,44504.3,
2016.224,44492.5,
2016.228,44337,
2016.232,44617.7,
2016.236,44691.8,
2016.24,44210.4,
2016.244,44751.4,
2016.248,45435.1,
2016.252,45482.4,
2016.256,45632.3,
2016.26,45647.6,
2016.264,45623.5,
2016.268,45897.6,
2016.272,46191.5,
2016.276,45881.1,
2016.28,46062.9,
2016.284,45678.2,
2016.288,45186,
2016.292,45282,
2016.296,45052.2,
2016.3,44859.5,
2016.304,44760.5,
2016.308,45090.7,
2016.312,45411.3,
2016.316,45403.5,
2016.32,45536.5,
2016.324,45022.6,
2016.328,45780.2,
2016.332,45650.4,
2016.336,45556.6,
2016.34,45613.2,
2016.344,45581.2,
2016.348,45416.9,
2016.352,45941.5,
2016.356,45528.9,
2016.36,45784.8,
2016.364,45707.9,
2016.368,45647.8,
2016.372,45349,
2016.376,45148,
2016.38,45209.9,
2016.384,45250.3,
2016.388,45676.4,
2016.392,45506.9,
2016.396,45685.8,
2016.4,45402.5,
2016.404,45843.1,
2016.408,45872.2,
2016.412,45551.2,
2016.416,45051.3,
2016.42,45155.9,
2016.424,45236.2,
2016.428,45497.5,
2016.432,45710.9,
2016.436,46039.7,
2016.44,46124.1,
2016.444,46017.2,
2016.448,45459.4,
2016.452,45557.6,
2016.456,45508.3,
2016.46,45928.2,
2016.464,45857.7,
2016.468,46124.6,
2016.472,46263.8,
2016.476,45662.7,
2016.48,45177.5,
2016.484,44930.3,
2016.488,44570.6,
2016.492,45011.2,
2016.496,45225.4,
2016.5,45306.2,
2016.504,45779.7,
2016.508,45705.4,
2016.512,45806.2,
2016.516,46145.9,
2016.52,44885.8,
2016.524,44282,
2016.528,44714.5,
2016.532,45466.4,
2016.536,45966.5,
2016.54,46213.3,
2016.544,46201.3,
2016.548,45819.6,
2016.552,45304.8,
2016.556,45394.4,
2016.56,45744.3,
2016.564,46177.6,
2016.568,46432.7,
2016.572,46272,
2016.576,46498.5,
2016.58,46713.4,
2016.584,46961.3,
2016.588,47060.6,
2016.592,47505.3,
2016.596,47364.8,
2016.6,47537.3,
2016.604,47130.4,
2016.608,46927,
